[
   {
      "id": "0",
      "xVal": "42",
      "yVal": "57.9"
   },
   {
      "id": "1",
      "xVal": "42.4",
      "yVal": "47.71"
   },
   {
      "id": "2",
      "xVal": "42.8",
      "yVal": "52.29"
   },
   {
      "id": "3",
      "xVal": "43.2",
      "yVal": "52.84"
   },
   {
      "id": "4",
      "xVal": "43.6",
      "yVal": "19.05"
   },
   {
      "id": "5",
      "xVal": "44",
      "yVal": "69.67"
   },
   {
      "id": "6",
      "xVal": "44.4",
      "yVal": "61.31"
   },
   {
      "id": "7",
      "xVal": "44.8",
      "yVal": "100"
   },
   {
      "id": "8",
      "xVal": "45.2",
      "yVal": "86.66"
   },
   {
      "id": "9",
      "xVal": "45.6",
      "yVal": "71"
   },
   {
      "id": "10",
      "xVal": "46",
      "yVal": "100"
   },
   {
      "id": "11",
      "xVal": "46.4",
      "yVal": "92.89"
   },
   {
      "id": "12",
      "xVal": "46.8",
      "yVal": "49.95"
   },
   {
      "id": "13",
      "xVal": "47.2",
      "yVal": "75.76"
   },
   {
      "id": "14",
      "xVal": "47.6",
      "yVal": "98.63"
   },
   {
      "id": "15",
      "xVal": "48",
      "yVal": "84.3"
   },
   {
      "id": "16",
      "xVal": "48.4",
      "yVal": "100"
   },
   {
      "id": "17",
      "xVal": "48.8",
      "yVal": "91.63"
   },
   {
      "id": "18",
      "xVal": "49.2",
      "yVal": "100"
   },
   {
      "id": "19",
      "xVal": "49.6",
      "yVal": "99.63"
   },
   {
      "id": "20",
      "xVal": "50",
      "yVal": "100"
   },
   {
      "id": "21",
      "xVal": "50.4",
      "yVal": "100"
   },
   {
      "id": "22",
      "xVal": "50.8",
      "yVal": "100"
   },
   {
      "id": "23",
      "xVal": "51.2",
      "yVal": "100"
   },
   {
      "id": "24",
      "xVal": "51.6",
      "yVal": "100"
   },
   {
      "id": "25",
      "xVal": "52",
      "yVal": "91.19"
   },
   {
      "id": "26",
      "xVal": "52.4",
      "yVal": "100"
   },
   {
      "id": "27",
      "xVal": "52.8",
      "yVal": "65.16"
   },
   {
      "id": "28",
      "xVal": "53.2",
      "yVal": "100"
   },
   {
      "id": "29",
      "xVal": "53.6",
      "yVal": "67.85"
   },
   {
      "id": "30",
      "xVal": "54",
      "yVal": "100"
   },
   {
      "id": "31",
      "xVal": "54.4",
      "yVal": "80.82"
   },
   {
      "id": "32",
      "xVal": "54.8",
      "yVal": "65.69"
   },
   {
      "id": "33",
      "xVal": "55.2",
      "yVal": "100"
   },
   {
      "id": "34",
      "xVal": "55.6",
      "yVal": "100"
   },
   {
      "id": "35",
      "xVal": "56",
      "yVal": "100"
   },
   {
      "id": "36",
      "xVal": "56.4",
      "yVal": "58.52"
   },
   {
      "id": "37",
      "xVal": "56.8",
      "yVal": "100"
   },
   {
      "id": "38",
      "xVal": "57.2",
      "yVal": "91.51"
   },
   {
      "id": "39",
      "xVal": "57.6",
      "yVal": "100"
   },
   {
      "id": "40",
      "xVal": "58",
      "yVal": "95.65"
   },
   {
      "id": "41",
      "xVal": "58.4",
      "yVal": "83.31"
   },
   {
      "id": "42",
      "xVal": "58.8",
      "yVal": "75.42"
   },
   {
      "id": "43",
      "xVal": "59.2",
      "yVal": "77.43"
   },
   {
      "id": "44",
      "xVal": "59.6",
      "yVal": "87.73"
   },
   {
      "id": "45",
      "xVal": "60",
      "yVal": "100"
   },
   {
      "id": "46",
      "xVal": "60.4",
      "yVal": "72.44"
   },
   {
      "id": "47",
      "xVal": "60.8",
      "yVal": "83.32"
   },
   {
      "id": "48",
      "xVal": "61.2",
      "yVal": "80.38"
   },
   {
      "id": "49",
      "xVal": "61.6",
      "yVal": "80.93"
   },
   {
      "id": "50",
      "xVal": "62",
      "yVal": "41.49"
   },
   {
      "id": "51",
      "xVal": "62.4",
      "yVal": "40.4"
   },
   {
      "id": "52",
      "xVal": "62.8",
      "yVal": "81.07"
   },
   {
      "id": "53",
      "xVal": "63.2",
      "yVal": "58.95"
   },
   {
      "id": "54",
      "xVal": "63.6",
      "yVal": "42.77"
   },
   {
      "id": "55",
      "xVal": "64",
      "yVal": "74.23"
   },
   {
      "id": "56",
      "xVal": "64.4",
      "yVal": "37.18"
   },
   {
      "id": "57",
      "xVal": "64.8",
      "yVal": "33.76"
   },
   {
      "id": "58",
      "xVal": "65.2",
      "yVal": "91.54"
   },
   {
      "id": "59",
      "xVal": "65.6",
      "yVal": "27.3"
   },
   {
      "id": "60",
      "xVal": "66",
      "yVal": "9.83"
   },
   {
      "id": "61",
      "xVal": "66.4",
      "yVal": "55.14"
   },
   {
      "id": "62",
      "xVal": "66.8",
      "yVal": "79.85"
   },
   {
      "id": "63",
      "xVal": "67.2",
      "yVal": "37.96"
   },
   {
      "id": "64",
      "xVal": "67.6",
      "yVal": "39.72"
   },
   {
      "id": "65",
      "xVal": "68",
      "yVal": "52.79"
   },
   {
      "id": "66",
      "xVal": "68.4",
      "yVal": "8.06"
   },
   {
      "id": "67",
      "xVal": "68.8",
      "yVal": "42.18"
   },
   {
      "id": "68",
      "xVal": "69.2",
      "yVal": "0"
   },
   {
      "id": "69",
      "xVal": "69.6",
      "yVal": "73.35"
   },
   {
      "id": "70",
      "xVal": "70",
      "yVal": "50.07"
   },
   {
      "id": "71",
      "xVal": "70.4",
      "yVal": "21.48"
   },
   {
      "id": "72",
      "xVal": "70.8",
      "yVal": "33.95"
   },
   {
      "id": "73",
      "xVal": "71.2",
      "yVal": "11.48"
   },
   {
      "id": "74",
      "xVal": "71.6",
      "yVal": "9.52"
   },
   {
      "id": "75",
      "xVal": "72",
      "yVal": "0"
   },
   {
      "id": "76",
      "xVal": "72.4",
      "yVal": "6.09"
   },
   {
      "id": "77",
      "xVal": "72.8",
      "yVal": "10.57"
   },
   {
      "id": "78",
      "xVal": "73.2",
      "yVal": "18.44"
   },
   {
      "id": "79",
      "xVal": "73.6",
      "yVal": "25.78"
   },
   {
      "id": "80",
      "xVal": "74",
      "yVal": "0"
   },
   {
      "id": "81",
      "xVal": "74.4",
      "yVal": "26.51"
   },
   {
      "id": "82",
      "xVal": "74.8",
      "yVal": "0"
   },
   {
      "id": "83",
      "xVal": "75.2",
      "yVal": "18.02"
   },
   {
      "id": "84",
      "xVal": "75.6",
      "yVal": "15.69"
   },
   {
      "id": "85",
      "xVal": "76",
      "yVal": "28.51"
   },
   {
      "id": "86",
      "xVal": "76.4",
      "yVal": "43.52"
   },
   {
      "id": "87",
      "xVal": "76.8",
      "yVal": "0"
   },
   {
      "id": "88",
      "xVal": "77.2",
      "yVal": "3.11"
   },
   {
      "id": "89",
      "xVal": "77.6",
      "yVal": "21.44"
   },
   {
      "id": "90",
      "xVal": "78",
      "yVal": "0"
   },
   {
      "id": "91",
      "xVal": "78.4",
      "yVal": "0"
   },
   {
      "id": "92",
      "xVal": "78.8",
      "yVal": "1.37"
   },
   {
      "id": "93",
      "xVal": "79.2",
      "yVal": "0"
   },
   {
      "id": "94",
      "xVal": "79.6",
      "yVal": "0"
   },
   {
      "id": "95",
      "xVal": "80",
      "yVal": "0.62"
   },
   {
      "id": "96",
      "xVal": "80.4",
      "yVal": "17.01"
   },
   {
      "id": "97",
      "xVal": "80.8",
      "yVal": "31.56"
   },
   {
      "id": "98",
      "xVal": "81.2",
      "yVal": "21.69"
   },
   {
      "id": "99",
      "xVal": "81.6",
      "yVal": "0"
   },
   {
      "id": "100",
      "xVal": "82",
      "yVal": "0"
   },
   {
      "id": "101",
      "xVal": "82.4",
      "yVal": "38.66"
   },
   {
      "id": "102",
      "xVal": "82.8",
      "yVal": "53.8"
   },
   {
      "id": "103",
      "xVal": "83.2",
      "yVal": "15.64"
   },
   {
      "id": "104",
      "xVal": "83.6",
      "yVal": "0"
   },
   {
      "id": "105",
      "xVal": "84",
      "yVal": "19.17"
   },
   {
      "id": "106",
      "xVal": "84.4",
      "yVal": "0"
   },
   {
      "id": "107",
      "xVal": "84.8",
      "yVal": "12.48"
   },
   {
      "id": "108",
      "xVal": "85.2",
      "yVal": "40.37"
   },
   {
      "id": "109",
      "xVal": "85.6",
      "yVal": "56.89"
   },
   {
      "id": "110",
      "xVal": "86",
      "yVal": "20.18"
   },
   {
      "id": "111",
      "xVal": "86.4",
      "yVal": "8.96"
   },
   {
      "id": "112",
      "xVal": "86.8",
      "yVal": "29.31"
   },
   {
      "id": "113",
      "xVal": "87.2",
      "yVal": "63.04"
   },
   {
      "id": "114",
      "xVal": "87.6",
      "yVal": "28.81"
   },
   {
      "id": "115",
      "xVal": "88",
      "yVal": "56.08"
   },
   {
      "id": "116",
      "xVal": "88.4",
      "yVal": "55.72"
   },
   {
      "id": "117",
      "xVal": "88.8",
      "yVal": "0"
   },
   {
      "id": "118",
      "xVal": "89.2",
      "yVal": "41.4"
   },
   {
      "id": "119",
      "xVal": "89.6",
      "yVal": "0"
   },
   {
      "id": "120",
      "xVal": "90",
      "yVal": "59.16"
   },
   {
      "id": "121",
      "xVal": "90.4",
      "yVal": "63.18"
   },
   {
      "id": "122",
      "xVal": "90.8",
      "yVal": "69.83"
   },
   {
      "id": "123",
      "xVal": "91.2",
      "yVal": "27.72"
   },
   {
      "id": "124",
      "xVal": "91.6",
      "yVal": "94.3"
   },
   {
      "id": "125",
      "xVal": "92",
      "yVal": "47.31"
   }
]
